{"cameraMode":{"drawMode":0,"name":"Shaded","section":"Shading Mode"},"sceneLighting":true,"audioPlay":false,"sceneViewState":{"m_AlwaysRefresh":false,"showFog":true,"showSkybox":true,"showFlares":true,"showImageEffects":true,"showParticleSystems":true,"showVisualEffectGraphs":true,"m_FxEnabled":true},"in2DMode":false,"pivot":{"x":0.412356436252594,"y":7.57437801361084,"z":-3.316096782684326},"rotation":{"x":0.06595250219106674,"y":-0.0014976863749325276,"z":0.00010012701386585832,"w":0.9978229999542236},"size":10.703543663024903,"orthographic":true}