{"cameraMode":{"drawMode":0,"name":"Shaded","section":"Shading Mode"},"sceneLighting":false,"audioPlay":false,"sceneViewState":{"m_AlwaysRefresh":false,"showFog":true,"showSkybox":false,"showFlares":true,"showImageEffects":true,"showParticleSystems":true,"showVisualEffectGraphs":true,"m_FxEnabled":true},"in2DMode":false,"pivot":{"x":0.2087268829345703,"y":1.159999966621399,"z":-2.369999885559082},"rotation":{"x":0.04318508878350258,"y":-0.005994308739900589,"z":0.00026328462990932167,"w":0.9990656971931458},"size":7.075485706329346,"orthographic":true}